z_obs,F_AP_obs,F_AP_err,F_AP_linear,F_AP_lcdm,chi2_linear,chi2_lcdm,survey
0.15,0.09134319182906196,0.010362651798863818,0.1397434984369488,0.13537378120346186,21.81495968894015,18.05374012418224,SDSS_MGS
0.32,0.2636490608446194,0.01228675545477141,0.2776166410503294,0.26431482288233643,1.2923136117223064,0.002936051211185235,BOSS_LOWZ
0.57,0.43352524899075345,0.015576692819175859,0.45106660068592824,0.4286930301287378,1.2681645274579991,0.09623713412306224,BOSS_CMASS
0.7,0.49912529820880286,0.020904267838286326,0.5306254638104982,0.5074313016218877,2.270679041993796,0.1578753360749236,eBOSS_LRG
1.48,0.8515891350408822,0.06793705749161529,0.9082560385613503,0.9356988499481711,0.6957376380754768,1.532776581851587,eBOSS_QSO
0.25,0.22015230283078036,0.015393777450766656,0.2231416557552655,0.21354742663060966,0.0377106462415049,0.18409371261136465,DESI_BGS
0.51,0.4100603491499443,0.020961168007659337,0.4120997523820908,0.3910781360159888,0.009466190686746109,0.8200922974478738,DESI_LRG
1.35,0.7296714582459577,0.04916889209570421,0.8544122682097567,0.8679390507301131,6.43629993330559,7.907877930574742,DESI_ELG
2.33,1.2307314282069097,0.09682275971916135,1.2029698466292726,1.3530505041063292,0.08221167454776547,1.5960021373254676,Lyman_alpha
